<?xml version="1.0" encoding="UTF-8"?>

<beans xmlns="http://www.springframework.org/schema/beans"
        xmlns:xsi="http://www.w3.org/2001/XMLSchema-instance"
        xsi:schemaLocation="http://www.springframework.org/schema/beans
        https://www.springframework.org/schema/beans/spring-beans.xsd
        http://www.springframework.org/schema/context
        http://www.springframework.org/schema/context/spring-context.xsd"
        xmlns:context="http://www.springframework.org/schema/context"
        >
        
      <context:annotation-config/>
     
     <bean id="ani" class="qualifierAnnotation.Animal">
     	<property name="name" value="Bird"/>
     	<property name="noOfAnimal" value="20"/>
     </bean>
     
     <bean id="ani2" class="qualifierAnnotation.Animal">
     	<property name="name" value="Elephant"/>
     	<property name="noOfAnimal" value="12"/>
     </bean>
     
    <bean id="lion" class="qualifierAnnotation.Lion">
    </bean>       
</beans>               