<?xml version="1.0" encoding="UTF-8"?>

<beans  
    xmlns="http://www.springframework.org/schema/beans"  
    xmlns:xsi="http://www.w3.org/2001/XMLSchema-instance"  
    xmlns:p="http://www.springframework.org/schema/p"  
    xsi:schemaLocation="http://www.springframework.org/schema/beans  
               http://www.springframework.org/schema/beans/spring-beans-3.0.xsd">

	<bean id="vehical" class="setterInjection_for_Object.Vehical"></bean>
	
	<bean id="person" class="setterInjection_for_Object.Person1">
		<property name="v" ref="vehical"/>
	</bean>
	
	<bean id="person2" class="setterInjection_for_Object.Person2">
		<property name="v" ref="vehical"/>
	</bean>
</beans>