<?xml version="1.0" encoding="UTF-8"?>

<beans  
    xmlns="http://www.springframework.org/schema/beans"  
    xmlns:xsi="http://www.w3.org/2001/XMLSchema-instance"  
    xmlns:p="http://www.springframework.org/schema/p"  
    xsi:schemaLocation="http://www.springframework.org/schema/beans  
               http://www.springframework.org/schema/beans/spring-beans-3.0.xsd">
               
	<bean id="stud" class="setterInjection_for_Literals.Student">
		<property name="studentName" value="Raj"/>
		<property name="id" value="1"/>
	</bean>
	
	<bean id="student" class="constructorInjection_for_Literals.Student">
		<constructor-arg name="studName" value="Rashmika"/>
		<constructor-arg name="id" value="1"/>
	</bean>
	
</beans>